Algorithm type,Board size,Constraint checks count,Assignments count,Completion time
Back_Track,5,2535.770000000001,93.05999999999999,0.018776404857635494
Forward_Checking,5,701.21,35.220000000000006,0.0037295532226562502
Arc_Consistency,5,2452.2400000000002,16.169999999999998,0.013610618114471434
